<?xml version="1.0" encoding="UTF-8"?>
<project-private xmlns="http://www.netbeans.org/ns/project-private/1">
    <editor-bookmarks xmlns="http://www.netbeans.org/ns/editor-bookmarks/2" lastBookmarkId="0"/>
    <open-files xmlns="http://www.netbeans.org/ns/projectui-open-files/2">
        <group>
            <file>file:/C:/Users/PaniJC/Documents/NetBeansProjects/StrategyMethod/src/strategymethod/StrategyInt.java</file>
            <file>file:/C:/Users/PaniJC/Documents/NetBeansProjects/StrategyMethod/src/strategymethod/Viking.java</file>
            <file>file:/C:/Users/PaniJC/Documents/NetBeansProjects/StrategyMethod/src/strategymethod/Walk.java</file>
            <file>file:/C:/Users/PaniJC/Documents/NetBeansProjects/StrategyMethod/src/strategymethod/Fly.java</file>
        </group>
    </open-files>
</project-private>
